{
    "pedestal": {
        "01": {
            "mu": [
                264.12,
                264.41999999999996
            ],
            "sigma": [
                0,
                2.8
            ]
        },
        "02": {
            "mu": [
                262.95000000000005,
                263.37
            ],
            "sigma": [
                0.15999999999999992,
                1.36
            ]
        },
        "03": {
            "mu": [
                250.0,
                268.0
            ],
            "sigma": [
                0,
                8.4
            ]
        },
        "04": {
            "mu": [
                260.93,
                261.17
            ],
            "sigma": [
                0.48,
                1.08
            ]
        },
        "05": {
            "mu": [
                256.13000000000005,
                256.31
            ],
            "sigma": [
                0.36,
                0.9600000000000001
            ]
        },
        "06": {
            "mu": [
                254.35999999999999,
                254.96
            ],
            "sigma": [
                0.7,
                0.94
            ]
        },
        "07": {
            "mu": [
                261.23,
                261.77
            ],
            "sigma": [
                0.15999999999999992,
                1.36
            ]
        },
        "08": {
            "mu": [
                253.51,
                253.75
            ],
            "sigma": [
                0.41999999999999993,
                1.02
            ]
        },
        "09": {
            "mu": [
                256.53,
                256.89
            ],
            "sigma": [
                0.66,
                0.9
            ]
        },
        "10": {
            "mu": [
                254.1,
                254.58
            ],
            "sigma": [
                0.48,
                0.96
            ]
        },
        "11": {
            "mu": [
                269.95,
                270.31
            ],
            "sigma": [
                0.48,
                1.08
            ]
        },
        "12": {
            "mu": [
                268.41,
                268.95
            ],
            "sigma": [
                0.5,
                1.1
            ]
        },
        "13": {
            "mu": [
                251.7,
                251.88
            ],
            "sigma": [
                0,
                1.5
            ]
        },
        "14": {
            "mu": [
                258.68,
                259.09999999999997
            ],
            "sigma": [
                0.36,
                0.9600000000000001
            ]
        },
        "15": {
            "mu": [
                259.71,
                259.95
            ],
            "sigma": [
                0.48,
                1.08
            ]
        },
        "16": {
            "mu": [
                254.60999999999999,
                255.09
            ],
            "sigma": [
                0.49,
                1.03
            ]
        },
        "17": {
            "mu": [
                259.01000000000005,
                259.31
            ],
            "sigma": [
                0.48,
                1.08
            ]
        },
        "18": {
            "mu": [
                263.02,
                263.26
            ],
            "sigma": [
                0.19999999999999996,
                1.4000000000000001
            ]
        },
        "19": {
            "mu": [
                264.84000000000003,
                265.02
            ],
            "sigma": [
                0.3999999999999999,
                1.0
            ]
        }
    },
    "pulse": {
        "01": {
            "mu": [
                1017.0,
                1059.0
            ],
            "sigma": [
                0,
                4.6000000000000005
            ]
        },
        "02": {
            "mu": [
                1010.0,
                1058.0
            ],
            "sigma": [
                0,
                5.0
            ]
        },
        "03": {
            "mu": [
                930.0,
                1050.0
            ],
            "sigma": [
                0,
                120.0
            ]
        },
        "04": {
            "mu": [
                955.0,
                1075.0
            ],
            "sigma": [
                0,
                4.300000000000001
            ]
        },
        "05": {
            "mu": [
                960.0,
                1140.0
            ],
            "sigma": [
                1.0,
                1.0
            ]
        },
        "06": {
            "mu": [
                981.0,
                999.0
            ],
            "sigma": [
                0,
                4.1
            ]
        },
        "07": {
            "mu": [
                938.0,
                1058.0
            ],
            "sigma": [
                0,
                5.2
            ]
        },
        "08": {
            "mu": [
                890.0,
                1130.0
            ],
            "sigma": [
                0,
                5.0
            ]
        },
        "09": {
            "mu": [
                944.0,
                980.0
            ],
            "sigma": [
                0.5999999999999999,
                3.0
            ]
        },
        "10": {
            "mu": [
                901.0,
                1021.0
            ],
            "sigma": [
                0,
                4.6000000000000005
            ]
        },
        "11": {
            "mu": [
                963.0,
                1023.0
            ],
            "sigma": [
                0.5999999999999999,
                3.0
            ]
        },
        "12": {
            "mu": [
                1000.0,
                1042.0
            ],
            "sigma": [
                0,
                4.1
            ]
        },
        "13": {
            "mu": [
                967.5,
                972.9000000000001
            ],
            "sigma": [
                0,
                5.0
            ]
        },
        "14": {
            "mu": [
                1006.0,
                1066.0
            ],
            "sigma": [
                0,
                12.0
            ]
        },
        "15": {
            "mu": [
                935.0,
                1055.0
            ],
            "sigma": [
                0,
                4.2
            ]
        },
        "16": {
            "mu": [
                940.0,
                1060.0
            ],
            "sigma": [
                0,
                5.2
            ]
        },
        "17": {
            "mu": [
                937.0,
                997.0
            ],
            "sigma": [
                0,
                4.1
            ]
        },
        "18": {
            "mu": [
                969.0,
                999.0
            ],
            "sigma": [
                0,
                4.2
            ]
        },
        "19": {
            "mu": [
                977.0,
                1031.0
            ],
            "sigma": [
                0,
                5.2
            ]
        }
    }
}