{
    "config": {
        "pedestal_range": [
            200,
            400
        ],
        "pulse_range": [
            800,
            1100
        ]
    },
    "acq_MainBoard_20251110_134104": {
        "pedestal": {
            "01": null,
            "02": null,
            "03": null,
            "04": null,
            "05": null,
            "06": null,
            "07": null,
            "08": null,
            "09": null,
            "10": null,
            "11": null,
            "12": null,
            "13": null,
            "14": null,
            "15": null,
            "16": null,
            "17": {
                "mean": 259.1239162424435,
                "std": 0.40690615676184827,
                "n_points": 100576
            },
            "18": null,
            "19": null
        },
        "pulse": {
            "01": {
                "mean": 1043.2743902439024,
                "std": 0.6406889664843132,
                "n_points": 492
            },
            "02": {
                "mean": 1027.4044715447155,
                "std": 0.6725001323807196,
                "n_points": 492
            },
            "03": null,
            "04": {
                "mean": 1033.959349593496,
                "std": 0.6330770639039912,
                "n_points": 492
            },
            "05": {
                "mean": 1077.270325203252,
                "std": 0.6132791178221104,
                "n_points": 492
            },
            "06": {
                "mean": 1000.1077235772358,
                "std": 0.6235400027043728,
                "n_points": 492
            },
            "07": {
                "mean": 1004.3475609756098,
                "std": 0.6771038774930486,
                "n_points": 492
            },
            "08": {
                "mean": 1047.8434959349593,
                "std": 0.6229832290214657,
                "n_points": 492
            },
            "09": {
                "mean": 969.6524390243902,
                "std": 0.6432372919550372,
                "n_points": 492
            },
            "10": {
                "mean": 959.1219512195122,
                "std": 0.6965112346972504,
                "n_points": 492
            },
            "11": {
                "mean": 994.3556910569106,
                "std": 0.5644517900169637,
                "n_points": 492
            },
            "12": {
                "mean": 1021.2357723577236,
                "std": 0.6257522408095563,
                "n_points": 492
            },
            "13": {
                "mean": 977.4715447154472,
                "std": 0.6256730132786967,
                "n_points": 492
            },
            "14": {
                "mean": 1048.9268292682927,
                "std": 0.6585365853658536,
                "n_points": 492
            },
            "15": {
                "mean": 1007.4012219959267,
                "std": 0.5778661266159404,
                "n_points": 491
            },
            "16": {
                "mean": 1025.4419551934827,
                "std": 0.6005695243626592,
                "n_points": 491
            },
            "17": null,
            "18": {
                "mean": 982.6985743380856,
                "std": 0.5976685899857205,
                "n_points": 491
            },
            "19": {
                "mean": 1013.847250509165,
                "std": 0.5592105800918882,
                "n_points": 491
            }
        }
    },
    "acq_MainBoard_20251110_153952": {
        "pedestal": {
            "01": null,
            "02": null,
            "03": null,
            "04": null,
            "05": null,
            "06": null,
            "07": null,
            "08": null,
            "09": null,
            "10": null,
            "11": null,
            "12": null,
            "13": null,
            "14": null,
            "15": null,
            "16": null,
            "17": {
                "mean": 259.12318603605445,
                "std": 0.40212506681868765,
                "n_points": 97852
            },
            "18": null,
            "19": null
        },
        "pulse": {
            "01": {
                "mean": 1048.7052845528456,
                "std": 0.6506192487427314,
                "n_points": 492
            },
            "02": {
                "mean": 1033.560975609756,
                "std": 0.6200752834363689,
                "n_points": 492
            },
            "03": null,
            "04": {
                "mean": 1039.030487804878,
                "std": 0.6904438935760691,
                "n_points": 492
            },
            "05": {
                "mean": 1080.9227642276423,
                "std": 0.6099864063699376,
                "n_points": 492
            },
            "06": {
                "mean": 1000.0589430894308,
                "std": 0.6396306263966741,
                "n_points": 492
            },
            "07": {
                "mean": 1009.2134146341464,
                "std": 0.8147415463986835,
                "n_points": 492
            },
            "08": {
                "mean": 1052.081300813008,
                "std": 0.5856480801122603,
                "n_points": 492
            },
            "09": {
                "mean": 973.329268292683,
                "std": 0.7334329245734095,
                "n_points": 492
            },
            "10": {
                "mean": 962.1280487804878,
                "std": 0.6229567035766075,
                "n_points": 492
            },
            "11": {
                "mean": 1003.5731707317074,
                "std": 0.60210648799295,
                "n_points": 492
            },
            "12": {
                "mean": 1023.099593495935,
                "std": 0.7545524688518221,
                "n_points": 492
            },
            "13": {
                "mean": 985.75,
                "std": 0.6019109136470941,
                "n_points": 492
            },
            "14": {
                "mean": 1052.3821138211383,
                "std": 0.6017633330437873,
                "n_points": 492
            },
            "15": {
                "mean": 1017.0285132382892,
                "std": 0.6748324294738319,
                "n_points": 491
            },
            "16": {
                "mean": 1028.0366598778005,
                "std": 0.729562157285701,
                "n_points": 491
            },
            "17": null,
            "18": {
                "mean": 988.4908350305499,
                "std": 0.6612780898325727,
                "n_points": 491
            },
            "19": {
                "mean": 1013.2179226069246,
                "std": 0.6658413984884579,
                "n_points": 491
            }
        }
    },
    "acq_MainBoard_20251120_165249": {
        "pedestal": {
            "01": {
                "mean": 264.2383223010361,
                "std": 0.862920044323877,
                "n_points": 202587
            },
            "02": null,
            "03": null,
            "04": null,
            "05": null,
            "06": null,
            "07": {
                "mean": 261.4323529411765,
                "std": 0.5129044104470689,
                "n_points": 680
            },
            "08": null,
            "09": null,
            "10": null,
            "11": null,
            "12": null,
            "13": null,
            "14": null,
            "15": null,
            "16": null,
            "17": null,
            "18": null,
            "19": null
        },
        "pulse": {
            "01": {
                "mean": 1050.0483042137719,
                "std": 0.9128125909855713,
                "n_points": 973
            },
            "02": null,
            "03": null,
            "04": null,
            "05": null,
            "06": null,
            "07": {
                "mean": 1020.5,