{
    "acq_MainBoard_20251110_134104": {
        "pedestal": {
            "01": {
                "mean": null,
                "std": null
            },
            "02": {
                "mean": null,
                "std": null
            },
            "03": {
                "mean": null,
                "std": null
            },
            "04": {
                "mean": null,
                "std": null
            },
            "05": {
                "mean": null,
                "std": null
            },
            "06": {
                "mean": null,
                "std": null
            },
            "07": {
                "mean": null,
                "std": null
            },
            "08": {
                "mean": null,
                "std": null
            },
            "09": {
                "mean": null,
                "std": null
            },
            "10": {
                "mean": null,
                "std": null
            },
            "11": {
                "mean": null,
                "std": null
            },
            "12": {
                "mean": null,
                "std": null
            },
            "13": {
                "mean": null,
                "std": null
            },
            "14": {
                "mean": null,
                "std": null
            },
            "15": {
                "mean": null,
                "std": null
            },
            "16": {
                "mean": null,
                "std": null
            },
            "17": {
                "mean": 259.1239162424435,
                "std": 0.40690615676184827
            },
            "18": {
                "mean": null,
                "std": null
            },
            "19": {
                "mean": null,
                "std": null
            }
        },
        "pulse": {
            "01": {
                "mean": 1043.2743902439024,
                "std": 0.6406889664843132
            },
            "02": {
                "mean": 1027.4044715447155,
                "std": 0.6725001323807196
            },
            "03": {
                "mean": null,
                "std": null
            },
            "04": {
                "mean": 1033.959349593496,
                "std": 0.6330770639039912
            },
            "05": {
                "mean": 1077.270325203252,
                "std": 0.6132791178221104
            },
            "06": {
                "mean": 1000.1077235772358,
                "std": 0.6235400027043728
            },
            "07": {
                "mean": 1004.3475609756098,
                "std": 0.6771038774930486
            },
            "08": {
                "mean": 1047.8434959349593,
                "std": 0.6229832290214657
            },
            "09": {
                "mean": 969.6524390243902,
                "std": 0.6432372919550372
            },
            "10": {
                "mean": 959.1219512195122,
                "std": 0.6965112346972504
            },
            "11": {
                "mean": 994.3556910569106,
                "std": 0.5644517900169637
            },
            "12": {
                "mean": 1021.2357723577236,
                "std": 0.6257522408095563
            },
            "13": {
                "mean": 977.4715447154472,
                "std": 0.6256730132786967
            },
            "14": {
                "mean": 1048.9268292682927,
                "std": 0.6585365853658536
            },
            "15": {
                "mean": 1007.4012219959267,
                "std": 0.5778661266159404
            },
            "16": {
                "mean": 1025.4419551934827,
                "std": 0.6005695243626592
            },
            "17": {
                "mean": null,
                "std": null
            },
            "18": {
                "mean": 982.6985743380856,
                "std": 0.5976685899857205
            },
            "19": {
                "mean": 1013.847250509165,
                "std": 0.5592105800918882
            }
        }
    }
}