{
    "config": {
        "pedestal_range": [
            200,
            400
        ],
        "pulse_range": [
            800,
            1100
        ]
    },
    "acq_MainBoard_20251110_134104": {
        "pedestal": {
            "01": null,
            "02": null,
            "03": null,
            "04": null,
            "05": null,
            "06": null,
            "07": null,
            "08": null,
            "09": null,
            "10": null,
            "11": null,
            "12": null,
            "13": null,
            "14": null,
            "15": null,
            "16": null,
            "17": {
                "mean": 259.1239162424435,
                "std": 0.40690615676184827,
                "n_points": 100576
            },
            "18": null,
            "19": null
        },
        "pulse": {
            "01": {
                "mean": 1043.2743902439024,
                "std": 0.6406889664843132,
                "n_points": 492
            },
            "02": {
                "mean": 1027.4044715447155,
                "std": 0.6725001323807196,
                "n_points": 492
            },
            "03": null,
            "04": {
                "mean": 1033.959349593496,
                "std": 0.6330770639039912,
                "n_points": 492
            },
            "05": {
                "mean": 1077.270325203252,
                "std": 0.6132791178221104,
                "n_points": 492
            },
            "06": {
                "mean": 1000.1077235772358,
                "std": 0.6235400027043728,
                "n_points": 492
            },
            "07": {
                "mean": 1004.3475609756098,
                "std": 0.6771038774930486,
                "n_points": 492
            },
            "08": {
                "mean": 1047.8434959349593,
                "std": 0.6229832290214657,
                "n_points": 492
            },
            "09": {
                "mean": 969.6524390243902,
                "std": 0.6432372919550372,
                "n_points": 492
            },
            "10": {
                "mean": 959.1219512195122,
                "std": 0.6965112346972504,
                "n_points": 492
            },
            "11": {
                "mean": 994.3556910569106,
                "std": 0.5644517900169637,
                "n_points": 492
            },
            "12": {
                "mean": 1021.2357723577236,
                "std": 0.6257522408095563,
                "n_points": 492
            },
            "13": {
                "mean": 977.4715447154472,
                "std": 0.6256730132786967,
                "n_points": 492
            },
            "14": {
                "mean": 1048.9268292682927,
                "std": 0.6585365853658536,
                "n_points": 492
            },
            "15": {
                "mean": 1007.4012219959267,
                "std": 0.5778661266159404,
                "n_points": 491
            },
            "16": {
                "mean": 1025.4419551934827,
                "std": 0.6005695243626592,
                "n_points": 491
            },
            "17": null,
            "18": {
                "mean": 982.6985743380856,
                "std": 0.5976685899857205,
                "n_points": 491
            },
            "19": {
                "mean": 1013.847250509165,
                "std": 0.5592105800918882,
                "n_points": 491
            }
        }
    }
}