{
    "acq_MainBoard_20251110_153952": {
        "pedestal": {
            "01": {
                "mean": null,
                "std": null
            },
            "02": {
                "mean": null,
                "std": null
            },
            "03": {
                "mean": null,
                "std": null
            },
            "04": {
                "mean": null,
                "std": null
            },
            "05": {
                "mean": null,
                "std": null
            },
            "06": {
                "mean": null,
                "std": null
            },
            "07": {
                "mean": null,
                "std": null
            },
            "08": {
                "mean": null,
                "std": null
            },
            "09": {
                "mean": null,
                "std": null
            },
            "10": {
                "mean": null,
                "std": null
            },
            "11": {
                "mean": null,
                "std": null
            },
            "12": {
                "mean": null,
                "std": null
            },
            "13": {
                "mean": null,
                "std": null
            },
            "14": {
                "mean": null,
                "std": null
            },
            "15": {
                "mean": null,
                "std": null
            },
            "16": {
                "mean": null,
                "std": null
            },
            "17": {
                "mean": 259.12318603605445,
                "std": 0.40212506681868765
            },
            "18": {
                "mean": null,
                "std": null
            },
            "19": {
                "mean": null,
                "std": null
            }
        },
        "pulse": {
            "01": {
                "mean": 1048.7052845528456,
                "std": 0.6506192487427314
            },
            "02": {
                "mean": 1033.560975609756,
                "std": 0.6200752834363689
            },
            "03": {
                "mean": null,
                "std": null
            },
            "04": {
                "mean": 1039.030487804878,
                "std": 0.6904438935760691
            },
            "05": {
                "mean": 1080.9227642276423,
                "std": 0.6099864063699376
            },
            "06": {
                "mean": 1000.0589430894308,
                "std": 0.6396306263966741
            },
            "07": {
                "mean": 1009.2134146341464,
                "std": 0.8147415463986835
            },
            "08": {
                "mean": 1052.081300813008,
                "std": 0.5856480801122603
            },
            "09": {
                "mean": 973.329268292683,
                "std": 0.7334329245734095
            },
            "10": {
                "mean": 962.1280487804878,
                "std": 0.6229567035766075
            },
            "11": {
                "mean": 1003.5731707317074,
                "std": 0.60210648799295
            },
            "12": {
                "mean": 1023.099593495935,
                "std": 0.7545524688518221
            },
            "13": {
                "mean": 985.75,
                "std": 0.6019109136470941
            },
            "14": {
                "mean": 1052.3821138211383,
                "std": 0.6017633330437873
            },
            "15": {
                "mean": 1017.0285132382892,
                "std": 0.6748324294738319
            },
            "16": {
                "mean": 1028.0366598778005,
                "std": 0.729562157285701
            },
            "17": {
                "mean": null,
                "std": null
            },
            "18": {
                "mean": 988.4908350305499,
                "std": 0.6612780898325727
            },
            "19": {
                "mean": 1013.2179226069246,
                "std": 0.6658413984884579
            }
        }
    }
}