{
    "config": {
        "pedestal_range": [
            200,
            400
        ],
        "pulse_range": [
            800,
            1100
        ],
        "fixed_range": false
    },
    "acq_MainBoard_20251110_153952": {
        "pedestal": {
            "01": null,
            "02": null,
            "03": null,
            "04": null,
            "05": null,
            "06": null,
            "07": null,
            "08": null,
            "09": null,
            "10": null,
            "11": null,
            "12": null,
            "13": null,
            "14": null,
            "15": null,
            "16": null,
            "17": {
                "mean": 259.12318603605445,
                "std": 0.40212506681868765,
                "n_points": 97852
            },
            "18": null,
            "19": null
        },
        "pulse": {
            "01": {
                "mean": 1048.7052845528456,
                "std": 0.6506192487427314,
                "n_points": 492
            },
            "02": {
                "mean": 1033.560975609756,
                "std": 0.6200752834363689,
                "n_points": 492
            },
            "03": null,
            "04": {
                "mean": 1039.030487804878,
                "std": 0.6904438935760691,
                "n_points": 492
            },
            "05": {
                "mean": 1080.9227642276423,
                "std": 0.6099864063699376,
                "n_points": 492
            },
            "06": {
                "mean": 1000.0589430894308,
                "std": 0.6396306263966741,
                "n_points": 492
            },
            "07": {
                "mean": 1009.2134146341464,
                "std": 0.8147415463986835,
                "n_points": 492
            },
            "08": {
                "mean": 1052.081300813008,
                "std": 0.5856480801122603,
                "n_points": 492
            },
            "09": {
                "mean": 973.329268292683,
                "std": 0.7334329245734095,
                "n_points": 492
            },
            "10": {
                "mean": 962.1280487804878,
                "std": 0.6229567035766075,
                "n_points": 492
            },
            "11": {
                "mean": 1003.5731707317074,
                "std": 0.60210648799295,
                "n_points": 492
            },
            "12": {
                "mean": 1023.099593495935,
                "std": 0.7545524688518221,
                "n_points": 492
            },
            "13": {
                "mean": 985.75,
                "std": 0.6019109136470941,
                "n_points": 492
            },
            "14": {
                "mean": 1052.3821138211383,
                "std": 0.6017633330437873,
                "n_points": 492
            },
            "15": {
                "mean": 1017.0285132382892,
                "std": 0.6748324294738319,
                "n_points": 491
            },
            "16": {
                "mean": 1028.0366598778005,
                "std": 0.729562157285701,
                "n_points": 491
            },
            "17": null,
            "18": {
                "mean": 988.4908350305499,
                "std": 0.6612780898325727,
                "n_points": 491
            },
            "19": {
                "mean": 1013.2179226069246,
                "std": 0.6658413984884579,
                "n_points": 491
            }
        }
    }
}